RollNo,Name,Department,Year,Attendance,CGPA,Backlogs,InternalMarks,FeePaid,Prediction,RiskScore
602,murug,AIDS,4,56.0,8.8,1,40.0,No,Medium Risk,50
036,Ashwikha,CSE,2,90.0,9.0,0,40.0,Yes,Low Risk,0
601,Raj,BioTech,4,67.0,6.4,3,40.0,Yes,Medium Risk,55
600,Jayanth,MBA,1,87.0,7.67,0,97.0,1,Low Risk,0
599,Inban,CIVIL,1,88.0,8.36,0,87.0,0,Low Risk,20
598,Harshita,BioTech,3,61.0,8.96,0,77.0,1,Low Risk,30
597,Guhan,CIVIL,1,69.0,5.02,0,62.0,1,Medium Risk,55
596,Eshita,AIML,1,57.0,7.18,0,81.0,0,Medium Risk,50
595,Deekshith,CHEM,1,94.0,5.19,0,80.0,0,Medium Risk,45
594,Chaitra,CYBER,2,86.0,8.16,0,96.0,1,Low Risk,0
593,Bharani,AIML,1,67.0,4.04,5,99.0,1,High Risk,80
592,Aadhavan,AIDS,2,100.0,8.15,0,100.0,1,Low Risk,0
591,Zinnia,CSBS,4,82.0,8.25,0,70.0,1,Low Risk,0
590,Yukti,MECH,3,99.0,8.69,1,70.0,1,Low Risk,0
589,Vani,MECHATRONICS,1,78.0,4.21,5,63.0,1,Medium Risk,50
588,Urmi,BioTech,3,68.0,7.42,5,98.0,1,Medium Risk,55
587,Tanya,CSBS,1,68.0,5.28,2,99.0,Yes,Medium Risk,55
586,Simran,MTECH CSE,2,97.0,6.44,0,62.0,1,Low Risk,0
585,Ruchi,CSBS,3,56.0,5.72,0,77.0,1,Medium Risk,55
584,Palak,EEE,4,91.0,5.34,0,81.0,1,Low Risk,25
583,Nikita,AIDS,2,98.0,6.04,0,98.0,1,Low Risk,0
582,Mansi,MECH,4,96.0,8.34,0,88.0,1,Low Risk,0
581,Lopamudra,CSE,3,100.0,6.57,0,76.0,1,Low Risk,0
580,Khushi,AIML,2,61.0,6.9,0,72.0,1,Low Risk,30
579,Juhi,BioTech,4,86.0,9.25,0,96.0,1,Low Risk,0
578,Ira,CYBER,1,82.0,7.54,0,73.0,1,Low Risk,0
577,Hetal,AIML,4,70.0,5.48,0,60.0,1,Medium Risk,55
576,Gunjan,CHEM,1,96.0,8.22,0,64.0,1,Low Risk,0
575,Falguni,CSBS,1,94.0,5.91,0,79.0,1,Low Risk,25
574,Ekta,CYBER,2,83.0,4.4,3,84.0,0,High Risk,70
573,Drishti,AIML,1,80.0,8.11,0,76.0,1,Low Risk,0
572,Chetna,AIDS,1,74.0,7.32,2,88.0,1,Low Risk,30
571,Bhumi,AIML,1,68.0,8.43,0,81.0,1,Low Risk,30
570,Aarushi,CSE,4,84.0,6.08,0,95.0,1,Low Risk,0
569,Zorawar,ECE,4,92.0,5.11,0,71.0,1,Low Risk,25
568,Yatinraj,AIDS,1,92.0,4.17,4,97.0,1,Medium Risk,50
567,Vardhan,AIDS,3,80.0,4.66,0,99.0,0,Medium Risk,45
566,Utpal,AIDS,1,66.0,9.14,0,98.0,1,Low Risk,30
565,Tanmay,ECE,2,77.0,7.04,0,71.0,1,Low Risk,0
564,Shivam,MTECH CSE,2,72.0,4.4,0,86.0,1,Medium Risk,55
563,Rituraj,MBA,2,90.0,5.74,2,81.0,0,Medium Risk,45
562,Pranay,MECHATRONICS,2,96.0,7.66,0,84.0,1,Low Risk,0
561,Naman,AIDS,1,84.0,5.77,0,67.0,1,Low Risk,25
560,Mayank,MBA,2,65.0,5.44,0,86.0,1,Medium Risk,55
559,Lakshit,AIML,2,93.0,4.2,0,95.0,1,Low Risk,25
558,Kunal,CYBER,1,93.0,7.81,0,89.0,0,Low Risk,20
557,Jatin,EIE,4,73.0,5.46,1,92.0,1,Medium Risk,55
556,Ishaan,MTECH CSE,1,89.0,9.44,0,71.0,0,Low Risk,20
555,Haroon,CYBER,1,81.0,7.19,0,92.0,1,Low Risk,0
554,Gagan,MBA,2,75.0,4.39,0,94.0,1,Low Risk,25
553,Feroze,MTECH CSE,2,61.0,8.04,1,63.0,1,Low Risk,30
552,Eshaan,CHEM,3,76.0,5.29,0,82.0,1,Low Risk,25
551,Devan,MECH,1,66.0,5.97,1,60.0,0,High Risk,75
550,Chaitanya,MTECH CSE,2,88.0,4.25,0,69.0,1,Low Risk,25
549,Bharani,IT,3,80.0,6.76,4,93.0,1,Low Risk,25
548,Ayaan,CHEM,2,76.0,6.75,0,85.0,1,Low Risk,0
547,Zuri,MBA,2,61.0,7.27,0,68.0,0,Medium Risk,50
546,Yara,BioTech,1,77.0,5.91,0,72.0,1,Low Risk,25
545,Ximena,EEE,1,67.0,7.03,0,63.0,1,Low Risk,30
544,Whitney,CSE,4,87.0,9.93,3,95.0,1,Low Risk,25
543,Valerie,AIDS,2,79.0,5.77,0,79.0,1,Low Risk,25
542,Tara,AIML,2,59.0,8.25,0,73.0,1,Low Risk,30
541,Sabrina,EEE,3,65.0,7.77,0,96.0,1,Low Risk,30
540,Rachel,EIE,3,88.0,9.41,0,100.0,1,Low Risk,0
539,Paige,MBA,2,82.0,9.21,0,66.0,1,Low Risk,0
538,Ophelia,MECHATRONICS,2,86.0,7.51,0,75.0,1,Low Risk,0
537,Nora,IT,4,77.0,7.73,0,92.0,1,Low Risk,0
536,Madison,IT,3,77.0,7.54,5,77.0,1,Low Risk,25
535,Lauren,CHEM,3,58.0,6.16,0,62.0,1,Low Risk,30
534,Kylie,EEE,1,68.0,5.48,3,72.0,1,High Risk,80
533,Jasmine,ECE,2,68.0,4.97,2,62.0,0,High Risk,75
532,Ivy,EIE,4,60.0,4.56,0,65.0,0,High Risk,75
531,Hailey,CYBER,3,76.0,5.26,5,76.0,0,High Risk,70
530,Gabriella,EEE,2,56.0,9.86,0,78.0,1,Low Risk,30
529,Freya,CHEM,3,76.0,6.34,0,86.0,1,Low Risk,0
528,Elena,EIE,3,70.0,9.5,1,72.0,0,Medium Risk,50
527,Danielle,MECH,1,100.0,8.3,0,77.0,1,Low Risk,0
526,Caroline,AIDS,4,58.0,7.82,0,79.0,1,Low Risk,30
525,Bianca,BioTech,4,65.0,8.56,0,87.0,1,Low Risk,30
524,Anika,CSBS,1,57.0,6.99,0,63.0,1,Low Risk,30
523,Zane,BioTech,3,70.0,5.95,0,100.0,1,Medium Risk,55
522,Yuri,MBA,1,80.0,9.75,2,91.0,1,Low Risk,0
521,Xander,CIVIL,2,60.0,9.9,4,68.0,1,Medium Risk,55
520,Wyatt,CSBS,4,73.0,9.06,0,91.0,1,Low Risk,30
519,Vincent,CHEM,3,68.0,5.31,0,91.0,1,Medium Risk,55
518,Uri,MTECH CSE,1,78.0,4.86,4,86.0,1,Medium Risk,50
517,Tyler,MECHATRONICS,2,93.0,9.04,0,87.0,0,Low Risk,20
516,Sebastian,BioTech,4,62.0,8.29,0,84.0,1,Low Risk,30
515,Ryan,CIVIL,2,57.0,9.45,0,87.0,1,Low Risk,30
514,Quinn,MTECH CSE,2,75.0,6.05,2,65.0,1,Low Risk,0
513,Parker,CYBER,2,85.0,5.18,0,65.0,1,Low Risk,25
512,Owen,EEE,3,57.0,8.27,0,93.0,1,Low Risk,30
511,Noah,IT,3,57.0,4.05,0,86.0,1,Medium Risk,55
510,Mason,AIML,3,98.0,6.84,1,82.0,1,Low Risk,0
509,Liam,ECE,4,68.0,5.71,0,77.0,0,High Risk,75
508,Kyle,EEE,4,96.0,6.11,0,77.0,1,Low Risk,0
507,Jack,CSE,4,94.0,8.37,0,60.0,1,Low Risk,0
506,Ian,AIML,2,89.0,9.16,0,79.0,1,Low Risk,0
505,Hudson,CHEM,3,72.0,8.16,0,67.0,1,Low Risk,30
504,Gabriel,ECE,4,98.0,4.51,2,99.0,1,Low Risk,25
503,Finn,IT,3,93.0,8.76,0,77.0,1,Low Risk,0
502,Eli,AIML,2,94.0,4.21,0,100.0,1,Low Risk,25
501,David,MTECH CSE,2,87.0,8.97,0,72.0,1,Low Risk,0
500,Caleb,BioTech,3,77.0,5.74,5,73.0,1,Medium Risk,50
499,Ben,AIDS,2,98.0,8.47,4,72.0,1,Low Risk,25
498,Aaron,EEE,3,71.0,7.11,0,88.0,1,Low Risk,30
497,Zoey,MBA,2,73.0,7.07,0,61.0,0,Medium Risk,50
496,Yvette,CSE,3,79.0,6.34,0,66.0,1,Low Risk,0
495,Xena,CSE,2,59.0,5.87,0,61.0,0,High Risk,75
494,Willow,MBA,2,61.0,4.86,0,82.0,1,Medium Risk,55
493,Victoria,ECE,4,97.0,5.04,0,82.0,1,Low Risk,25
492,Umaira,EIE,4,56.0,9.58,0,96.0,1,Low Risk,30
491,Taylor,EIE,1,75.0,7.4,0,95.0,1,Low Risk,0
490,Sophia,MTECH CSE,1,66.0,8.29,0,87.0,1,Low Risk,30
489,Rose,CHEM,3,69.0,9.18,0,71.0,0,Medium Risk,50
488,Queenie,CYBER,3,87.0,6.03,0,63.0,1,Low Risk,0
487,Penelope,MECH,4,100.0,9.27,0,74.0,1,Low Risk,0
486,Olivia,BioTech,2,64.0,6.75,0,91.0,1,Low Risk,30
485,Natalie,MTECH CSE,2,64.0,4.31,4,65.0,0,High Risk,100
484,Mia,ECE,2,74.0,8.15,0,77.0,1,Low Risk,30
483,Lily,AIDS,3,98.0,5.69,0,72.0,0,Medium Risk,45
482,Kiara,MTECH CSE,2,88.0,7.46,5,68.0,1,Low Risk,25
481,Julia,ECE,2,65.0,9.56,5,77.0,1,Medium Risk,55
480,Isabella,CIVIL,3,88.0,9.51,0,88.0,1,Low Risk,0
479,Hazel,ECE,3,71.0,7.19,0,80.0,1,Low Risk,30
478,Gracey,CYBER,4,98.0,9.87,0,65.0,1,Low Risk,0
477,Florence,BioTech,1,85.0,9.29,0,75.0,1,Low Risk,0
476,Emily,MBA,1,82.0,5.58,5,71.0,1,Medium Risk,50
475,Daisy,MECH,1,90.0,4.87,0,70.0,1,Low Risk,25
474,Clara,EEE,1,93.0,7.7,1,84.0,0,Low Risk,20
473,Bella,MECH,3,88.0,7.24,0,62.0,1,Low Risk,0
472,Amelia,CSBS,4,67.0,4.66,0,73.0,1,Medium Risk,55
471,Zachary,CHEM,1,82.0,7.24,0,74.0,1,Low Risk,0
470,Yosef,AIDS,3,88.0,9.14,0,68.0,1,Low Risk,0
469,Xavier,CYBER,3,92.0,9.64,0,70.0,1,Low Risk,0
468,Williamson,CSE,2,78.0,4.38,0,90.0,0,Medium Risk,45
467,Victor,EIE,4,81.0,5.88,0,78.0,0,Medium Risk,45
466,Uriel,MECHATRONICS,2,94.0,4.06,0,87.0,1,Low Risk,25
465,Thomas,AIML,1,76.0,4.02,0,77.0,0,Medium Risk,45
464,Samuel,AIDS,1,66.0,4.57,0,82.0,1,Medium Risk,55
463,Richard,CYBER,1,85.0,9.49,0,91.0,1,Low Risk,0
462,Quentin,CIVIL,2,92.0,9.53,0,60.0,1,Low Risk,0
461,Peter,MECHATRONICS,2,96.0,4.97,3,87.0,1,Medium Risk,50
460,Oliver,AIML,2,88.0,4.71,0,71.0,1,Low Risk,25
459,Nelson,IT,3,77.0,7.13,2,69.0,1,Low Risk,0
458,Martin,BioTech,1,72.0,7.95,0,67.0,1,Low Risk,30
457,Louis,CSBS,2,91.0,6.39,0,65.0,1,Low Risk,0
456,Kevin,MECH,3,81.0,8.23,1,76.0,1,Low Risk,0
455,Jason,CSBS,2,80.0,4.21,0,62.0,1,Low Risk,25
454,Isaac,MECHATRONICS,1,84.0,7.01,0,80.0,1,Low Risk,0
453,Henry,CHEM,2,87.0,9.99,0,94.0,1,Low Risk,0
452,George,CIVIL,1,56.0,7.92,1,95.0,0,Medium Risk,50
451,Franklin,MBA,2,71.0,7.49,0,100.0,1,Low Risk,30
450,Edwin,BioTech,4,77.0,9.57,0,93.0,1,Low Risk,0
449,Daniel,CHEM,1,74.0,9.7,0,91.0,1,Low Risk,30
448,Christopher,MTECH CSE,1,98.0,9.71,0,77.0,0,Low Risk,20
447,Benson,CSE,1,95.0,9.29,0,95.0,1,Low Risk,0
446,Aakash,EEE,3,68.0,4.09,0,82.0,1,Medium Risk,55
445,Zarina,AIML,4,68.0,9.0,3,73.0,0,High Risk,75
444,Yogalakshmi,MTECH CSE,1,91.0,7.13,3,95.0,1,Low Risk,25
443,Vidhya,BioTech,2,67.0,4.74,0,78.0,0,High Risk,75
442,Udhaya,EEE,4,61.0,5.73,0,83.0,1,Medium Risk,55
441,Tamilselvi,MECHATRONICS,3,97.0,6.65,0,90.0,1,Low Risk,0
440,Sangeetha,CSBS,4,62.0,7.35,0,97.0,0,Medium Risk,50
439,Revathi,BioTech,1,91.0,6.57,0,79.0,1,Low Risk,0
438,Ponni,CSBS,2,72.0,8.7,0,75.0,1,Low Risk,30
437,Narmada,MECHATRONICS,3,79.0,7.43,5,61.0,1,Low Risk,25
436,Mahalakshmi,CYBER,4,92.0,4.97,0,65.0,1,Low Risk,25
435,Lincy,CSBS,1,57.0,8.85,0,77.0,1,Low Risk,30
434,Karpagam,CHEM,4,100.0,9.91,1,85.0,0,Low Risk,20
433,Jeevitha,CSBS,2,92.0,8.69,1,91.0,1,Low Risk,0
432,Inbavalli,EIE,3,55.0,9.99,1,83.0,1,Low Risk,30
431,Haritha,MBA,1,95.0,7.12,0,83.0,0,Low Risk,20
430,Gajalakshmi,MTECH CSE,2,92.0,4.35,0,75.0,1,Low Risk,25
429,Fathiya,AIML,3,60.0,6.42,0,62.0,1,Low Risk,30
428,Evangeline,AIDS,4,83.0,6.46,0,60.0,1,Low Risk,0
427,Dhanalakshmi,AIML,2,57.0,7.57,3,76.0,0,High Risk,75
426,Chinmayi,IT,1,81.0,4.31,5,84.0,1,Medium Risk,50
425,Bhavani,MTECH CSE,2,76.0,8.65,5,77.0,1,Low Risk,25
424,Abira,MTECH CSE,1,96.0,7.29,3,91.0,1,Low Risk,25
423,Zubinraj,CHEM,2,80.0,4.87,0,76.0,1,Low Risk,25
422,Yashraj,CHEM,4,83.0,7.37,0,94.0,0,Low Risk,20
421,William,MTECH CSE,2,66.0,5.15,0,92.0,1,Medium Risk,55
420,Venkatesh,CHEM,4,81.0,6.57,0,65.0,1,Low Risk,0
419,Udhayanidhi,CSBS,4,99.0,6.15,0,96.0,1,Low Risk,0
418,Thiyagu,MECHATRONICS,1,57.0,5.21,0,90.0,1,Medium Risk,55
417,Sathish,MBA,2,66.0,8.05,0,82.0,1,Low Risk,30
416,Rithesh,MTECH CSE,2,66.0,9.71,0,92.0,1,Low Risk,30
415,Prabhu,CHEM,3,100.0,4.7,0,99.0,0,Medium Risk,45
414,Naveenraj,CYBER,1,96.0,9.58,0,65.0,1,Low Risk,0
413,Muthukumar,CSE,4,66.0,8.53,0,92.0,1,Low Risk,30
412,Lokanath,CSE,1,95.0,5.04,3,79.0,1,Medium Risk,50
411,Kishorekumar,CSE,1,86.0,5.24,0,64.0,1,Low Risk,25
410,Janarthan,CSBS,2,63.0,8.72,0,71.0,1,Low Risk,30
409,Ibrahim,IT,4,79.0,4.68,2,94.0,1,Low Risk,25
408,Harinath,CSE,1,73.0,5.21,0,100.0,1,Medium Risk,55
407,Gokulan,CSBS,2,88.0,8.62,1,84.0,1,Low Risk,0
406,Felix,MBA,2,80.0,7.21,3,88.0,1,Low Risk,25
405,Elavarasan,MBA,1,85.0,9.9,5,94.0,1,Low Risk,25
404,Dhanush,MTECH CSE,1,74.0,9.34,0,92.0,1,Low Risk,30
403,Chandrasekar,IT,1,95.0,4.55,0,61.0,0,Medium Risk,45
402,Bhaskar,CYBER,2,61.0,5.4,0,70.0,1,Medium Risk,55
401,Anirudh,CYBER,1,93.0,4.59,0,78.0,1,Low Risk,25
400,Zulekha,MECHATRONICS,4,93.0,8.61,1,76.0,0,Low Risk,20
399,Yuvashree,ECE,4,69.0,8.01,0,91.0,1,Low Risk,30
398,Vimala,CYBER,4,60.0,7.59,0,70.0,0,Medium Risk,50
397,UmaMaheswari,CSBS,3,77.0,6.13,3,90.0,1,Low Risk,25
396,Thenmozhi,IT,1,57.0,5.92,0,82.0,1,Medium Risk,55
395,Sharanya,MECH,1,55.0,9.1,0,98.0,0,Medium Risk,50
394,Rajalakshmi,CHEM,1,69.0,9.4,2,84.0,1,Low Risk,30
393,Poornima,MTECH CSE,1,78.0,5.9,0,77.0,1,Low Risk,25
392,Nivya,MTECH CSE,2,55.0,9.55,0,100.0,1,Low Risk,30
391,Mohana,BioTech,2,91.0,6.53,0,94.0,1,Low Risk,0
390,Lavina,MECHATRONICS,4,64.0,9.63,0,93.0,1,Low Risk,30
389,Kalyani,ECE,2,75.0,8.08,0,64.0,0,Low Risk,20
388,Jayanthi,CSBS,4,77.0,4.67,5,83.0,1,Medium Risk,50
387,Ishwari,IT,4,69.0,4.07,0,81.0,1,Medium Risk,55
386,HemaLatha,AIDS,1,73.0,6.96,0,90.0,1,Low Risk,30
385,Ganga,CIVIL,3,66.0,8.83,2,95.0,1,Low Risk,30
384,Fousiya,MBA,1,82.0,8.71,1,72.0,1,Low Risk,0
383,Ezhilarasi,BioTech,3,75.0,6.84,0,89.0,1,Low Risk,0
382,Devika,AIDS,3,71.0,8.85,0,90.0,1,Low Risk,30
381,Charulatha,ECE,2,84.0,7.22,4,97.0,1,Low Risk,25
380,Bhargavi,CYBER,2,92.0,9.62,0,74.0,1,Low Risk,0
379,Akila,EEE,4,94.0,5.46,0,79.0,0,Medium Risk,45
378,Zayan,CSE,3,75.0,7.95,4,95.0,1,Low Risk,25
377,Yogan,MECH,3,65.0,5.26,0,91.0,1,Medium Risk,55
376,Wahid,AIDS,1,61.0,8.22,0,81.0,1,Low Risk,30
375,Vimal,CIVIL,4,84.0,9.45,4,95.0,1,Low Risk,25
374,Uthaman,MECH,4,62.0,6.46,0,67.0,1,Low Risk,30
373,Thanish,ECE,3,79.0,7.2,0,77.0,1,Low Risk,0
372,Saran,AIML,3,67.0,9.02,0,98.0,1,Low Risk,30
371,Rakeshwar,BioTech,2,95.0,4.69,0,83.0,1,Low Risk,25
370,Prithvi,MTECH CSE,2,72.0,6.55,0,86.0,1,Low Risk,30
369,Nakul,EIE,1,77.0,5.01,0,74.0,1,Low Risk,25
368,Magesh,MECH,1,99.0,9.58,4,92.0,1,Low Risk,25
367,Lakshman,EIE,1,83.0,5.04,0,72.0,0,Medium Risk,45
366,Kishan,AIML,2,70.0,8.31,0,75.0,1,Low Risk,30
365,Jeeva,EEE,4,76.0,9.6,2,60.0,0,Low Risk,20
364,Iqbal,ECE,4,78.0,6.64,0,62.0,1,Low Risk,0
363,Harikrishnan,EEE,3,88.0,7.05,0,100.0,1,Low Risk,0
362,Guhan,IT,3,99.0,8.73,0,90.0,1,Low Risk,0
361,Faisal,CSBS,4,96.0,9.85,1,61.0,0,Low Risk,20
360,Ezhil,CIVIL,2,87.0,7.7,0,66.0,1,Low Risk,0
359,Dharshan,MTECH CSE,2,74.0,4.44,4,83.0,1,High Risk,80
358,Cyruss,EIE,3,91.0,9.57,0,76.0,1,Low Risk,0
357,Bhuvan,CSE,1,88.0,8.73,0,60.0,1,Low Risk,0
356,Adarsh,MBA,1,84.0,8.45,0,61.0,1,Low Risk,0
355,Zehra,EIE,2,88.0,7.24,0,64.0,1,Low Risk,0
354,Yashasvi,CYBER,1,98.0,8.17,0,90.0,0,Low Risk,20
353,Varsha,IT,2,99.0,7.89,0,67.0,1,Low Risk,0
352,Urvashi,MBA,2,92.0,7.67,0,78.0,1,Low Risk,0
351,Thulasi,MBA,2,90.0,5.23,0,80.0,1,Low Risk,25
350,Shanthi,CYBER,3,78.0,6.38,3,66.0,1,Low Risk,25
349,Ritika,CIVIL,1,77.0,4.82,0,69.0,1,Low Risk,25
348,Pinky,MBA,2,76.0,7.93,2,85.0,0,Low Risk,20
347,Nayana,MTECH CSE,2,78.0,5.44,0,61.0,1,Low Risk,25
346,Mithra,MECH,2,90.0,4.29,1,87.0,1,Low Risk,25
345,Lisha,EIE,3,67.0,8.3,0,88.0,0,Medium Risk,50
344,Kanishka,IT,3,86.0,8.13,4,78.0,1,Low Risk,25
343,Janvi,MECHATRONICS,2,88.0,9.4,2,93.0,1,Low Risk,0
342,Irene,MECHATRONICS,1,95.0,9.94,3,92.0,0,Medium Risk,45
341,Harinika,ECE,2,62.0,6.21,1,97.0,1,Low Risk,30
340,Gomathi,BioTech,2,87.0,5.22,0,66.0,1,Low Risk,25
339,Fariha,MECH,4,76.0,5.16,0,72.0,1,Low Risk,25
338,Elina,ECE,4,94.0,6.03,0,71.0,1,Low Risk,0
337,Dimple,MECHATRONICS,1,66.0,4.32,0,75.0,1,Medium Risk,55
336,Chandana,ECE,2,67.0,8.86,0,77.0,0,Medium Risk,50
335,Brinda,CHEM,4,76.0,8.61,0,93.0,1,Low Risk,0
334,Agalya,ECE,4,68.0,9.75,0,86.0,1,Low Risk,30
333,Zubair,CYBER,3,83.0,6.16,3,76.0,0,Medium Risk,45
332,Yuvraj,MTECH CSE,1,73.0,4.94,0,87.0,1,Medium Risk,55
331,Winston,CSE,1,71.0,7.64,0,60.0,1,Low Risk,30
330,Vetrivel,MBA,2,96.0,9.08,1,81.0,1,Low Risk,0
329,Ulaganathan,CSBS,1,97.0,9.01,0,91.0,1,Low Risk,0
328,Thiru,ECE,2,88.0,7.67,3,99.0,1,Low Risk,25
327,Sakthivel,CHEM,2,77.0,7.19,0,88.0,1,Low Risk,0
326,Rohit,MBA,1,78.0,9.78,5,90.0,1,Low Risk,25
325,Praveen,CIVIL,1,59.0,9.12,0,66.0,1,Low Risk,30
324,Naveenkumar,IT,3,83.0,7.31,0,65.0,1,Low Risk,0
323,Manikandan,ECE,1,100.0,6.97,3,83.0,1,Low Risk,25
322,Lohith,ECE,3,86.0,6.31,1,73.0,1,Low Risk,0
321,Karthikeyan,AIML,4,68.0,4.46,0,69.0,1,Medium Risk,55
320,Jaganathan,MBA,2,81.0,7.75,2,66.0,1,Low Risk,0
319,Ilyas,CHEM,4,65.0,9.4,0,69.0,1,Low Risk,30
318,Hemanth,ECE,1,83.0,7.58,5,81.0,1,Low Risk,25
317,Gowtham,CSE,4,71.0,9.32,0,91.0,1,Low Risk,30
316,Fahad,IT,1,98.0,6.8,1,61.0,1,Low Risk,0
315,Ebin,MECHATRONICS,2,55.0,5.02,0,65.0,0,High Risk,75
314,Dilip,CYBER,4,81.0,8.29,5,88.0,1,Low Risk,25
313,Cyril,MECH,4,86.0,8.33,5,75.0,1,Low Risk,25
312,Brijesh,ECE,1,68.0,7.3,4,87.0,0,High Risk,75
311,Aman,IT,1,60.0,4.98,0,60.0,1,Medium Risk,55
310,Zoya,CSE,4,55.0,7.09,3,84.0,1,Medium Risk,55
309,Yashika,MTECH CSE,2,66.0,4.72,0,93.0,1,Medium Risk,55
308,Veda,BioTech,2,75.0,4.56,0,92.0,1,Low Risk,25
307,Urmila,CYBER,4,90.0,4.68,0,99.0,1,Low Risk,25
306,Tejal,EIE,3,94.0,8.74,0,61.0,1,Low Risk,0
305,Sowmya,MTECH CSE,1,89.0,8.1,0,84.0,1,Low Risk,0
304,Renu,CYBER,1,80.0,5.96,0,80.0,1,Low Risk,25
303,Pallavi,CIVIL,2,59.0,7.02,0,95.0,0,Medium Risk,50
302,Nila,ECE,3,64.0,6.36,0,76.0,1,Low Risk,30
301,Mala,CSE,1,99.0,6.22,0,62.0,1,Low Risk,0
300,Leena,IT,1,73.0,4.72,1,68.0,0,High Risk,75
299,Keerthi,AIDS,1,99.0,5.88,5,97.0,1,Medium Risk,50
298,Jothika,CSE,4,83.0,8.69,2,65.0,0,Low Risk,20
297,Iniya,MBA,2,89.0,8.95,0,62.0,1,Low Risk,0
296,Hannah,CSBS,2,67.0,7.46,0,98.0,1,Low Risk,30
295,Grace,BioTech,2,95.0,9.17,4,74.0,1,Low Risk,25
294,Farzana,CHEM,1,58.0,9.57,4,99.0,1,Medium Risk,55
293,Elakkiya,AIML,4,83.0,9.79,0,75.0,1,Low Risk,0
292,Devi,ECE,3,84.0,5.47,0,94.0,1,Low Risk,25
291,Catherine,IT,3,58.0,9.95,5,91.0,1,Medium Risk,55
290,Bhuvana,ECE,3,62.0,9.33,0,74.0,1,Low Risk,30
289,Anu,CIVIL,4,95.0,4.02,0,74.0,1,Low Risk,25
288,Zakir,MECH,3,97.0,6.85,0,65.0,1,Low Risk,0
287,Yatin,MECH,2,58.0,4.0,0,73.0,1,Medium Risk,55
286,Waseem,EIE,3,62.0,4.1,3,87.0,1,High Risk,80
285,Vasu,CIVIL,2,67.0,9.39,0,75.0,1,Low Risk,30
284,Udhay,MECH,3,70.0,4.15,0,73.0,1,Medium Risk,55
283,Tamil,CHEM,3,81.0,9.51,0,85.0,1,Low Risk,0
282,Selva,BioTech,4,56.0,6.38,0,85.0,1,Low Risk,30
281,Raghu,MECHATRONICS,2,88.0,5.49,0,77.0,1,Low Risk,25
280,Prakash,IT,4,90.0,7.17,1,75.0,1,Low Risk,0
279,Naveed,CHEM,4,75.0,8.42,0,92.0,1,Low Risk,0
278,Mithun,AIDS,1,76.0,8.71,0,82.0,1,Low Risk,0
277,Leo,MTECH CSE,1,93.0,9.7,4,66.0,1,Low Risk,25
276,Kavin,EEE,3,55.0,5.94,0,91.0,1,Medium Risk,55
275,Jai,AIML,2,65.0,7.0,1,75.0,0,Medium Risk,50
274,Ishan,BioTech,2,69.0,5.78,0,78.0,0,High Risk,75
273,Harsha,AIDS,4,55.0,4.21,0,96.0,1,Medium Risk,55
272,Gopi,EIE,3,73.0,7.21,0,71.0,1,Low Risk,30
271,Feroz,AIDS,3,87.0,5.94,0,88.0,1,Low Risk,25
270,Eswar,MECHATRONICS,1,89.0,9.22,0,63.0,1,Low Risk,0
269,Dharun,MBA,1,79.0,4.92,0,71.0,1,Low Risk,25
268,Chandru,CSE,1,65.0,9.35,0,65.0,1,Low Risk,30
267,Bala,MECH,4,91.0,6.07,0,79.0,1,Low Risk,0
266,Aravind,EEE,4,84.0,4.09,0,87.0,1,Low Risk,25
265,Zainab,CHEM,3,91.0,6.97,0,85.0,1,Low Risk,0
264,Yogita,CIVIL,3,88.0,9.93,0,68.0,0,Low Risk,20
263,Vidya,IT,2,55.0,6.39,0,88.0,1,Low Risk,30
262,Usha,EIE,4,78.0,9.4,0,75.0,1,Low Risk,0
261,Trisha,EIE,3,70.0,4.72,2,95.0,0,High Risk,75
260,Shreya,MECHATRONICS,4,72.0,7.23,0,96.0,1,Low Risk,30
259,Reshma,EEE,2,87.0,8.83,0,71.0,1,Low Risk,0
258,Pavithra,MECHATRONICS,4,97.0,6.12,0,61.0,1,Low Risk,0
257,Nivetha,AIDS,2,92.0,9.62,5,73.0,1,Low Risk,25
256,Monisha,CSBS,1,62.0,7.3,0,99.0,1,Low Risk,30
255,Latha,MBA,2,75.0,9.71,0,92.0,0,Low Risk,20
254,Kalpana,MBA,1,84.0,9.1,0,70.0,0,Low Risk,20
253,Jennifer,ECE,1,68.0,6.76,0,82.0,1,Low Risk,30
252,Ila,CSE,1,66.0,8.98,0,61.0,1,Low Risk,30
251,Hiral,EEE,2,69.0,4.63,2,73.0,1,Medium Risk,55
250,Geetha,MTECH CSE,2,66.0,7.59,0,99.0,1,Low Risk,30
249,Fiona,ECE,4,75.0,4.94,1,67.0,1,Low Risk,25
248,Esther,CYBER,3,91.0,7.83,0,98.0,1,Low Risk,0
247,Dharani,EIE,2,96.0,6.41,0,72.0,1,Low Risk,0
246,Chandrika,MECH,1,57.0,9.82,0,87.0,1,Low Risk,30
245,Bindu,AIDS,3,70.0,4.88,0,86.0,1,Medium Risk,55
244,Aparna,IT,2,57.0,8.41,0,70.0,1,Low Risk,30
243,Zaid,MECH,2,96.0,7.68,0,92.0,1,Low Risk,0
242,Yuvan,MECH,1,87.0,5.67,0,61.0,1,Low Risk,25
241,Vignesh,CHEM,3,82.0,4.52,0,92.0,0,Medium Risk,45
240,Umesh,CIVIL,2,74.0,4.14,0,91.0,1,Medium Risk,55
239,Tharun,AIDS,3,69.0,5.39,4,98.0,1,High Risk,80
238,Saravanan,CYBER,1,90.0,8.22,0,85.0,1,Low Risk,0
237,Ranjith,MTECH CSE,1,84.0,6.49,0,74.0,0,Low Risk,20
236,Pradeep,CIVIL,2,60.0,4.87,0,88.0,1,Medium Risk,55
235,Naren,EIE,3,98.0,9.04,5,99.0,1,Low Risk,25
234,Mukesh,CHEM,4,81.0,7.26,4,88.0,1,Low Risk,25
233,Logan,IT,4,55.0,6.57,4,94.0,1,Medium Risk,55
232,Kishore,CHEM,2,84.0,4.48,0,78.0,1,Low Risk,25
231,Jithin,MECH,1,73.0,4.33,0,93.0,1,Medium Risk,55
230,Imran,AIML,2,75.0,6.41,3,65.0,1,Low Risk,25
229,Hitesh,IT,2,94.0,8.8,0,87.0,0,Low Risk,20
228,Girish,CIVIL,1,67.0,6.41,3,62.0,0,High Risk,75
227,Francis,MTECH CSE,1,72.0,8.19,0,68.0,1,Low Risk,30
226,Elango,BioTech,2,55.0,4.57,0,65.0,1,Medium Risk,55
225,Dhruv,CYBER,2,79.0,6.95,0,88.0,1,Low Risk,0
224,Chetan,MECHATRONICS,2,88.0,7.74,0,71.0,1,Low Risk,0
223,Balaji,CSBS,1,77.0,9.47,0,81.0,1,Low Risk,0
222,Akhil,MECH,4,61.0,8.8,0,100.0,0,Medium Risk,50
221,Zara,AIML,2,88.0,7.88,5,76.0,1,Low Risk,25
220,Yamini,CIVIL,3,87.0,7.12,0,84.0,0,Low Risk,20
219,Vaishnavi,EIE,2,63.0,8.58,3,92.0,1,Medium Risk,55
218,Uma,AIML,3,92.0,6.51,0,77.0,1,Low Risk,0
217,Tanvi,CYBER,3,77.0,8.49,0,88.0,0,Low Risk,20
216,Shalini,AIML,4,57.0,9.1,0,99.0,1,Low Risk,30
215,Rashmi,CIVIL,2,80.0,4.03,0,74.0,1,Low Risk,25
214,Preethi,MECHATRONICS,1,82.0,5.23,0,63.0,0,Medium Risk,45
213,Oviya,CYBER,2,83.0,4.13,0,90.0,0,Medium Risk,45
212,Nandhini,MECHATRONICS,1,90.0,8.69,0,68.0,0,Low Risk,20
211,Madhuri,MTECH CSE,1,55.0,4.95,0,62.0,1,Medium Risk,55
210,Lavanya,IT,2,57.0,8.18,0,66.0,0,Medium Risk,50
209,Komal,AIDS,4,95.0,5.25,0,97.0,1,Low Risk,25
208,Janani,CSE,2,87.0,8.06,0,67.0,1,Low Risk,0
207,Indu,MBA,2,95.0,5.32,0,100.0,1,Low Risk,25
206,Hema,EIE,3,82.0,7.54,0,78.0,1,Low Risk,0
205,Gayathri,AIDS,3,76.0,5.53,0,63.0,1,Low Risk,25
204,Fathima,CIVIL,1,76.0,9.88,0,76.0,1,Low Risk,0
203,Esha,CIVIL,1,59.0,8.08,0,99.0,0,Medium Risk,50
202,Deepika,CSBS,3,84.0,8.04,0,90.0,1,Low Risk,0
201,Chitra,MECHATRONICS,3,94.0,8.36,5,77.0,0,Medium Risk,45
200,Bhavana,MTECH CSE,1,83.0,5.75,4,94.0,1,Medium Risk,50
199,Aditi,MTECH CSE,2,77.0,7.49,0,81.0,1,Low Risk,0
198,Zeeshan,CSBS,4,93.0,7.42,0,75.0,1,Low Risk,0
197,Yashwanth,MBA,2,65.0,6.93,0,88.0,0,Medium Risk,50
196,Vishal,CIVIL,2,57.0,4.13,0,89.0,1,Medium Risk,55
195,Utkarsh,CIVIL,4,83.0,5.15,0,87.0,1,Low Risk,25
194,Tanish,CIVIL,1,84.0,6.91,0,89.0,1,Low Risk,0
193,Siddharth,CSE,2,69.0,4.76,0,72.0,1,Medium Risk,55
192,Ravi,CSBS,4,87.0,4.88,0,99.0,1,Low Risk,25
191,Parth,CSE,1,64.0,9.04,0,96.0,1,Low Risk,30
190,Ojas,ECE,3,94.0,8.69,1,69.0,1,Low Risk,0
189,Nitin,MECHATRONICS,3,66.0,4.42,3,93.0,1,High Risk,80
188,Mohit,EIE,3,66.0,6.14,0,68.0,0,Medium Risk,50
187,Lalit,EEE,2,67.0,4.74,0,71.0,1,Medium Risk,55
186,Kamal,IT,1,99.0,8.89,0,87.0,1,Low Risk,0
185,Jeevan,CSBS,2,77.0,9.48,4,86.0,1,Low Risk,25
184,Irfan,CIVIL,2,74.0,6.83,0,82.0,1,Low Risk,30
183,Hari,BioTech,3,73.0,6.52,0,92.0,1,Low Risk,30
182,Gautham,MTECH CSE,2,99.0,7.74,2,78.0,1,Low Risk,0
181,Faiz,EEE,3,95.0,9.94,2,70.0,1,Low Risk,0
180,Ethan,EIE,2,67.0,7.59,0,81.0,1,Low Risk,30
179,Dev,AIDS,4,55.0,5.6,0,79.0,1,Medium Risk,55
178,Chirag,BioTech,2,91.0,9.84,1,79.0,1,Low Risk,0
177,Bharath,MECHATRONICS,3,100.0,6.26,0,75.0,1,Low Risk,0
176,Abhishek,CIVIL,4,57.0,5.13,3,83.0,1,High Risk,80
175,Zubin,MECHATRONICS,3,99.0,4.18,0,89.0,1,Low Risk,25
174,Yogesh,CIVIL,2,89.0,4.02,0,70.0,1,Low Risk,25
173,Wasim,MECHATRONICS,1,68.0,8.65,0,78.0,1,Low Risk,30
172,Venu,IT,3,97.0,9.98,1,91.0,1,Low Risk,0
171,Uday,CSBS,3,95.0,9.57,0,89.0,1,Low Risk,0
170,Tejas,CYBER,1,84.0,6.06,0,66.0,1,Low Risk,0
169,Shyam,CYBER,2,84.0,7.51,2,78.0,1,Low Risk,0
168,Ritvik,ECE,1,70.0,9.32,0,90.0,1,Low Risk,30
167,Qadir,CIVIL,4,100.0,7.56,3,78.0,1,Low Risk,25
166,Pavan,AIML,1,99.0,8.93,0,65.0,0,Low Risk,20
165,Omkar,AIML,1,85.0,5.02,5,89.0,1,Medium Risk,50
164,Nandan,EEE,1,66.0,9.02,0,70.0,0,Medium Risk,50
163,Madhan,MBA,1,88.0,7.38,5,72.0,0,Medium Risk,45
162,Lokesh,MECH,3,68.0,9.34,0,79.0,1,Low Risk,30
161,Keshav,CIVIL,4,75.0,9.38,0,63.0,1,Low Risk,0
160,Jagan,CIVIL,3,63.0,9.56,3,67.0,1,Medium Risk,55
159,Indrajit,CHEM,2,95.0,8.09,0,67.0,1,Low Risk,0
158,Hemant,BioTech,1,85.0,9.39,0,80.0,0,Low Risk,20
157,Ganesh,AIML,4,85.0,9.57,3,78.0,1,Low Risk,25
156,Farhan,EIE,1,84.0,5.46,1,73.0,1,Low Risk,25
155,Eshwar,EIE,1,75.0,7.76,4,79.0,0,Medium Risk,45
154,Darshan,CHEM,4,66.0,9.28,0,93.0,1,Low Risk,30
153,Charan,CYBER,4,87.0,8.99,0,83.0,1,Low Risk,0
152,Bhavya,AIDS,3,58.0,7.37,0,87.0,1,Low Risk,30
151,Aarohi,EEE,3,66.0,5.11,0,69.0,0,High Risk,75
150,Sanjana,MECHATRONICS,1,67.0,9.81,3,84.0,1,Medium Risk,55
149,Lakshmi,CSBS,3,88.0,7.22,2,94.0,1,Low Risk,0
148,Aishwarya,CHEM,2,62.0,5.88,4,75.0,1,High Risk,80
147,Neha,ECE,2,70.0,6.97,1,72.0,0,Medium Risk,50
146,Riya,IT,1,56.0,8.51,0,64.0,1,Low Risk,30
145,Ishita,MBA,2,60.0,7.13,3,87.0,0,High Risk,75
144,Harini,EEE,4,80.0,8.49,0,91.0,1,Low Risk,0
143,Anjali,MBA,2,70.0,7.29,0,94.0,1,Low Risk,30
142,Divya,IT,2,95.0,5.22,0,98.0,1,Low Risk,25
141,Keerthana,CYBER,3,96.0,4.13,0,75.0,1,Low Risk,25
140,Swathi,MTECH CSE,1,83.0,6.42,0,64.0,1,Low Risk,0
139,Nisha,MBA,1,72.0,4.7,0,72.0,0,High Risk,75
138,Pooja,CSE,2,79.0,4.32,1,73.0,1,Low Risk,25
137,Meera,AIDS,1,72.0,4.4,3,73.0,1,High Risk,80
136,Kavya,MECHATRONICS,4,93.0,9.52,5,85.0,0,Medium Risk,45
135,Sneha,CHEM,4,62.0,6.84,2,81.0,1,Low Risk,30
134,Priya,AIDS,4,81.0,7.17,4,86.0,1,Low Risk,25
133,Aadhya,CYBER,4,92.0,5.92,0,87.0,0,Medium Risk,45
132,Diya,CYBER,3,91.0,5.65,0,64.0,0,Medium Risk,45
131,Ananya,EEE,2,76.0,9.87,0,95.0,1,Low Risk,0
130,Rakesh,CSE,3,60.0,9.37,3,75.0,1,Medium Risk,55
129,Kiran,MECH,4,60.0,5.4,0,63.0,1,Medium Risk,55
128,Tarun,CHEM,2,73.0,7.94,5,68.0,1,Medium Risk,55
127,Abhinav,AIDS,4,99.0,4.91,0,80.0,1,Low Risk,25
126,Yash,AIML,1,90.0,9.61,5,77.0,1,Low Risk,25
125,Dinesh,CSBS,1,73.0,7.03,1,100.0,1,Low Risk,30
124,Naveen,EEE,1,67.0,6.24,2,83.0,1,Low Risk,30
123,Gokul,BioTech,2,85.0,6.11,0,86.0,1,Low Risk,0
122,Ajay,EEE,3,55.0,4.49,0,71.0,1,Medium Risk,55
121,Ashwin,IT,4,92.0,5.83,0,100.0,1,Low Risk,25
120,Surya,CYBER,1,88.0,7.77,0,99.0,1,Low Risk,0
119,Varun,CHEM,3,96.0,8.81,5,99.0,0,Medium Risk,45
118,Akash,CSE,2,99.0,9.35,1,75.0,1,Low Risk,0
117,Pranav,BioTech,2,82.0,9.46,0,94.0,1,Low Risk,0
116,Deepak,MTECH CSE,1,61.0,4.42,0,72.0,1,Medium Risk,55
115,Sanjay,MTECH CSE,2,93.0,7.49,0,84.0,1,Low Risk,0
114,Manoj,BioTech,2,72.0,6.99,0,71.0,1,Low Risk,30
113,Harish,MBA,2,61.0,6.98,0,72.0,1,Low Risk,30
112,Nikhil,MTECH CSE,1,64.0,8.86,4,94.0,1,Medium Risk,55
111,Aryan,BioTech,3,97.0,7.2,0,83.0,1,Low Risk,0
110,Rohan,MTECH CSE,1,79.0,4.82,0,87.0,1,Low Risk,25
109,Vikram,IT,2,84.0,5.74,0,75.0,1,Low Risk,25
108,Karthik,EEE,2,60.0,7.99,0,91.0,1,Low Risk,30
107,Rahul,MBA,1,61.0,6.83,0,78.0,1,Low Risk,30
106,Krishna,MECHATRONICS,3,55.0,9.6,0,66.0,1,Low Risk,30
105,Sai,AIML,1,98.0,4.96,0,95.0,1,Low Risk,25
104,Arjun,CSE,3,95.0,8.53,2,74.0,1,Low Risk,0
103,Aditya,CIVIL,3,60.0,9.35,2,83.0,1,Low Risk,30
102,Vivaan,CSE,1,81.0,5.87,2,90.0,1,Low Risk,25
101,Aarav,CSBS,2,56.0,4.35,1,82.0,1,Medium Risk,55
